name,appid,genre
Dota 2,570,Action
Dota 2,570,Free to Play
Dota 2,570,Strategy
Counter-Strike: Global Offensive,730,Action
Counter-Strike: Global Offensive,730,Free to Play
Apex Legends,1172470,Action
Apex Legends,1172470,Adventure
Apex Legends,1172470,Free to Play
PUBG: BATTLEGROUNDS,578080,Action
PUBG: BATTLEGROUNDS,578080,Adventure
PUBG: BATTLEGROUNDS,578080,Free to Play
PUBG: BATTLEGROUNDS,578080,Massively Multiplayer
New World,1063730,Action
New World,1063730,Adventure
New World,1063730,Massively Multiplayer
New World,1063730,RPG
Team Fortress 2,440,Action
Team Fortress 2,440,Free to Play
Grand Theft Auto V,271590,Action
Grand Theft Auto V,271590,Adventure
Lost Ark,1599340,Action
Lost Ark,1599340,Adventure
Lost Ark,1599340,Free to Play
Lost Ark,1599340,Massively Multiplayer
Lost Ark,1599340,RPG
Left 4 Dead 2,550,Action
Unturned,304930,Action
Unturned,304930,Adventure
Unturned,304930,Casual
Unturned,304930,Free to Play
Unturned,304930,Indie
Rust,252490,Action
Rust,252490,Adventure
Rust,252490,Indie
Rust,252490,Massively Multiplayer
Rust,252490,RPG
Warframe,230410,Action
Warframe,230410,Free to Play
Warframe,230410,RPG
Terraria,105600,Action
Terraria,105600,Adventure
Terraria,105600,Indie
Terraria,105600,RPG
ELDEN RING,1245620,Action
ELDEN RING,1245620,RPG
Brawlhalla,291550,Action
Brawlhalla,291550,Free to Play
Brawlhalla,291550,Indie
War Thunder,236390,Action
War Thunder,236390,Free to Play
War Thunder,236390,Massively Multiplayer
War Thunder,236390,Simulation
Half-Life 2: Lost Coast,340,Action
Destiny 2,1085660,Action
Destiny 2,1085660,Adventure
Destiny 2,1085660,Free to Play
Tom Clancy's Rainbow Six Siege,359550,Action
Path of Exile,238960,Action
Path of Exile,238960,Adventure
Path of Exile,238960,Free to Play
Path of Exile,238960,Indie
Path of Exile,238960,Massively Multiplayer
Path of Exile,238960,RPG
PAYDAY 2,218620,Action
PAYDAY 2,218620,RPG
Valheim,892970,Action
Valheim,892970,Adventure
Valheim,892970,Indie
Valheim,892970,RPG
Valheim,892970,Early Access
Grand Theft Auto IV: Complete Edition,901583,Action
Grand Theft Auto IV: Complete Edition,901583,Adventure
Fall Guys: Ultimate Knockout,1097150,Action
Fall Guys: Ultimate Knockout,1097150,Casual
Fall Guys: Ultimate Knockout,1097150,Indie
Fall Guys: Ultimate Knockout,1097150,Massively Multiplayer
Fall Guys: Ultimate Knockout,1097150,Sports
The Forest,242760,Action
The Forest,242760,Adventure
The Forest,242760,Indie
The Forest,242760,Simulation
ARK: Survival Evolved,346110,Action
ARK: Survival Evolved,346110,Adventure
ARK: Survival Evolved,346110,Indie
ARK: Survival Evolved,346110,Massively Multiplayer
ARK: Survival Evolved,346110,RPG
鬼谷八荒 Tale of Immortal,1468810,Action
鬼谷八荒 Tale of Immortal,1468810,Adventure
鬼谷八荒 Tale of Immortal,1468810,Indie
鬼谷八荒 Tale of Immortal,1468810,RPG
鬼谷八荒 Tale of Immortal,1468810,Simulation
鬼谷八荒 Tale of Immortal,1468810,Early Access
Paladins,444090,Action
Paladins,444090,Adventure
Paladins,444090,Free to Play
Paladins,444090,Massively Multiplayer
Paladins,444090,Strategy
Warface,291480,Action
Warface,291480,Adventure
Warface,291480,Free to Play
Warface,291480,Massively Multiplayer
Warface,291480,RPG
Warface,291480,Simulation
Warface,291480,Strategy
Counter-Strike,10,Action
Borderlands 2,49520,Action
Borderlands 2,49520,RPG
Dead by Daylight,381210,Action
Halo Infinite,1240440,Action
Halo Infinite,1240440,Free to Play
Heroes & Generals,227940,Action
Heroes & Generals,227940,Free to Play
Heroes & Generals,227940,Indie
Heroes & Generals,227940,Massively Multiplayer
Heroes & Generals,227940,Strategy
Rocket League,252950,Action
Rocket League,252950,Indie
Rocket League,252950,Racing
Rocket League,252950,Sports
Portal 2,620,Action
Portal 2,620,Adventure
Half-Life 2: Deathmatch,320,Action
Phasmophobia,739630,Action
Phasmophobia,739630,Indie
Phasmophobia,739630,Early Access
SMITE,386360,Action
SMITE,386360,Free to Play
Hogwarts Legacy,990080,Action
Hogwarts Legacy,990080,Adventure
Hogwarts Legacy,990080,RPG
Ring of Elysium,755790,Action
Ring of Elysium,755790,Free to Play
Ring of Elysium,755790,Massively Multiplayer
Black Squad,550650,Action
Black Squad,550650,Free to Play
Counter-Strike: Source,240,Action
Call of Duty: Modern Warfare II,1938090,Action
Z1 Battle Royale,433850,Action
Z1 Battle Royale,433850,Adventure
Z1 Battle Royale,433850,Free to Play
Z1 Battle Royale,433850,Massively Multiplayer
Monster Hunter: World,582010,Action
Street Warriors Online,417910,Action
Street Warriors Online,417910,Massively Multiplayer
Street Warriors Online,417910,Simulation
Street Warriors Online,417910,Sports
Trove,304050,Action
Trove,304050,Adventure
Trove,304050,Casual
Trove,304050,Free to Play
Trove,304050,Massively Multiplayer
Trove,304050,RPG
Portal,400,Action
World of Tanks Blitz,444200,Action
World of Tanks Blitz,444200,Free to Play
World of Tanks Blitz,444200,Massively Multiplayer
Half-Life,70,Action
Minion Masters,489520,Action
Minion Masters,489520,Adventure
Minion Masters,489520,Free to Play
Minion Masters,489520,Indie
Minion Masters,489520,RPG
Minion Masters,489520,Strategy
Dying Light,239140,Action
Dying Light,239140,RPG
Hollow Knight,367520,Action
Hollow Knight,367520,Adventure
Hollow Knight,367520,Indie
7 Days to Die,251570,Action
7 Days to Die,251570,Adventure
7 Days to Die,251570,Indie
7 Days to Die,251570,RPG
7 Days to Die,251570,Simulation
7 Days to Die,251570,Strategy
7 Days to Die,251570,Early Access
Half-Life 2,220,Action
Battlefield 2042,1517290,Action
Battlefield 2042,1517290,Adventure
Battlefield 2042,1517290,Casual
PlanetSide 2,218230,Action
PlanetSide 2,218230,Free to Play
PlanetSide 2,218230,Massively Multiplayer
Counter-Strike: Condition Zero,80,Action
Red Dead Redemption 2,1174180,Action
Red Dead Redemption 2,1174180,Adventure
Half-Life: Blue Shift,130,Action
Robocraft,301520,Action
Robocraft,301520,Free to Play
Robocraft,301520,Indie
Robocraft,301520,Massively Multiplayer
Robocraft,301520,RPG
Robocraft,301520,Simulation
No More Room in Hell,224260,Action
No More Room in Hell,224260,Free to Play
No More Room in Hell,224260,Indie
Sekiro: Shadows Die Twice - GOTY Edition,814380,Action
Sekiro: Shadows Die Twice - GOTY Edition,814380,Adventure
NARAKA: BLADEPOINT,1203220,Action
NARAKA: BLADEPOINT,1203220,Adventure
NARAKA: BLADEPOINT,1203220,Massively Multiplayer
Ricochet,60,Action
Castle Crashers,204360,Action
Castle Crashers,204360,Adventure
Castle Crashers,204360,Casual
Castle Crashers,204360,Indie
Castle Crashers,204360,RPG
Tomb Raider,203160,Action
Tomb Raider,203160,Adventure
Deceit,466240,Action
Deceit,466240,Free to Play
Deceit,466240,Indie
Arma 3,107410,Action
Arma 3,107410,Simulation
Arma 3,107410,Strategy
Deathmatch Classic,40,Action
Risk of Rain 2,632360,Action
Risk of Rain 2,632360,Indie
Dirty Bomb,333930,Action
Dirty Bomb,333930,Free to Play
No Man's Sky,275850,Action
No Man's Sky,275850,Adventure
The Binding of Isaac: Rebirth,250900,Action
Grim Dawn,219990,Action
Grim Dawn,219990,Adventure
Grim Dawn,219990,Indie
Grim Dawn,219990,RPG
Half-Life Deathmatch: Source,360,Action
Call of Duty: Modern Warfare 2 (2009),10180,Action
Counter-Strike Nexon: Studio,273110,Action
Counter-Strike Nexon: Studio,273110,Casual
Counter-Strike Nexon: Studio,273110,Free to Play
Counter-Strike Nexon: Studio,273110,Massively Multiplayer
DARK SOULS III,374320,Action
Sons Of The Forest,1326470,Action
Sons Of The Forest,1326470,Adventure
Sons Of The Forest,1326470,Indie
Sons Of The Forest,1326470,Simulation
Sons Of The Forest,1326470,Early Access
Scrap Mechanic,387990,Action
Scrap Mechanic,387990,Adventure
Scrap Mechanic,387990,Indie
Scrap Mechanic,387990,Simulation
Scrap Mechanic,387990,Early Access
Black Desert,582660,Action
Black Desert,582660,Adventure
Black Desert,582660,Massively Multiplayer
Black Desert,582660,RPG
Black Desert,582660,Simulation
Black Desert,582660,Strategy
KurtzPel,844870,Action
KurtzPel,844870,Free to Play
KurtzPel,844870,Early Access
Evolve Stage 2,273350,Action
Evolve Stage 2,273350,Free to Play
SCP: Secret Laboratory,700330,Action
SCP: Secret Laboratory,700330,Free to Play
Call of Duty 2,2630,Action
Geometry Dash,322170,Action
Geometry Dash,322170,Indie
Sea of Thieves 2023 Edition,1172620,Action
Sea of Thieves 2023 Edition,1172620,Adventure
Tom Clancy’s The Division,365590,Action
Tom Clancy’s The Division,365590,Adventure
Tom Clancy’s The Division,365590,RPG
Halo: The Master Chief Collection,976730,Action
theHunter Classic,253710,Action
theHunter Classic,253710,Adventure
theHunter Classic,253710,Free to Play
theHunter Classic,253710,Simulation
theHunter Classic,253710,Sports
Assassin’s Creed IV Black Flag,242050,Action
Assassin’s Creed IV Black Flag,242050,Adventure
Realm Royale,813820,Action
Realm Royale,813820,Free to Play
Realm Royale,813820,Early Access
Day of Defeat,30,Action
Total War: WARHAMMER II,594570,Action
Total War: WARHAMMER II,594570,Strategy
Life is Strange - Episode 1,319630,Action
Life is Strange - Episode 1,319630,Adventure
Grand Theft Auto: San Andreas,12120,Action
Neverwinter,109600,Action
Neverwinter,109600,Adventure
Neverwinter,109600,Free to Play
Neverwinter,109600,Massively Multiplayer
Neverwinter,109600,RPG
Call of Duty: Black Ops III,311210,Action
Call of Duty: Black Ops III,311210,Adventure
Call of Duty: Black Ops III,311210,Action
Call of Duty: Black Ops III,311210,Adventure
Resident Evil 2,883710,Action
Hades,1145360,Action
Hades,1145360,Indie
Hades,1145360,RPG
BattleBlock Theater,238460,Action
BattleBlock Theater,238460,Adventure
BattleBlock Theater,238460,Casual
BattleBlock Theater,238460,Indie
Team Fortress Classic,20,Action
DayZ,221100,Action
DayZ,221100,Adventure
DayZ,221100,Massively Multiplayer
Sven Co-op,225840,Action
Sven Co-op,225840,Casual
Sven Co-op,225840,Free to Play
Sven Co-op,225840,Indie
POSTAL,232770,Action
POSTAL,232770,Indie
Fallout: New Vegas,22380,Action
Fallout: New Vegas,22380,RPG
Day of Defeat: Source,300,Action
Battlefield V,1238810,Action
Hunt: Showdown,594650,Action
HITMAN 2,863550,Action
Infestation: The New Z,555570,Action
Infestation: The New Z,555570,Free to Play
Infestation: The New Z,555570,Indie
Infestation: The New Z,555570,Massively Multiplayer
Infestation: The New Z,555570,RPG
The Elder Scrolls Online,306130,Action
The Elder Scrolls Online,306130,Adventure
The Elder Scrolls Online,306130,Massively Multiplayer
The Elder Scrolls Online,306130,RPG
BioShock Infinite,8870,Action
Mount & Blade II: Bannerlord,261550,Action
Mount & Blade II: Bannerlord,261550,Indie
Mount & Blade II: Bannerlord,261550,RPG
Mount & Blade II: Bannerlord,261550,Simulation
Mount & Blade II: Bannerlord,261550,Strategy
Chivalry: Medieval Warfare,219640,Action
Chivalry: Medieval Warfare,219640,Indie
World of Tanks,1407200,Action
World of Tanks,1407200,Free to Play
World of Tanks,1407200,Massively Multiplayer
World of Tanks,1407200,Simulation
Half-Life 2: Episode Two,420,Action
MultiVersus,1818750,Action
MultiVersus,1818750,Free to Play
Loadout,208090,Action
Loadout,208090,Free to Play
Loadout,208090,Indie
MORDHAU,629760,Action
MORDHAU,629760,Indie
Half-Life: Opposing Force,50,Action
Vampire Survivors,1794680,Action
Vampire Survivors,1794680,Casual
Vampire Survivors,1794680,Indie
Vampire Survivors,1794680,RPG
It Takes Two,1426210,Action
It Takes Two,1426210,Adventure
APB Reloaded,113400,Action
APB Reloaded,113400,Free to Play
APB Reloaded,113400,Massively Multiplayer
FOR HONOR,304390,Action
Freestyle 2: Street Basketball,339610,Action
Freestyle 2: Street Basketball,339610,Casual
Freestyle 2: Street Basketball,339610,Free to Play
Freestyle 2: Street Basketball,339610,Massively Multiplayer
Freestyle 2: Street Basketball,339610,Sports
Borderlands Game of the Year,8980,Action
Borderlands Game of the Year,8980,RPG
Devil May Cry 5,601150,Action
DOOM,379720,Action
Splitgate: Arena Warfare,677620,Action
Splitgate: Arena Warfare,677620,Free to Play
Splitgate: Arena Warfare,677620,Indie
Left 4 Dead,500,Action
Saints Row IV: Re-Elected,206420,Action
Saints Row IV: Re-Elected,206420,Adventure
Outlast,238320,Action
Outlast,238320,Adventure
Outlast,238320,Indie
"Star Wars: Battlefront 2 (Classic, 2005)",6060,Action
Killing Floor,1250,Action
Fistful of Frags,265630,Action
Fistful of Frags,265630,Free to Play
Fistful of Frags,265630,Indie
Guacamelee! Super Turbo Championship Edition,275390,Action
Guacamelee! Super Turbo Championship Edition,275390,Adventure
Guacamelee! Super Turbo Championship Edition,275390,Indie
Cry of Fear,223710,Action
Cry of Fear,223710,Adventure
Cry of Fear,223710,Indie
Mount & Blade: Warband,48700,Action
Mount & Blade: Warband,48700,RPG
Starbound,211820,Action
Starbound,211820,Adventure
Starbound,211820,Casual
Starbound,211820,Indie
Starbound,211820,RPG
Warhammer: Vermintide 2,552500,Action
Warhammer: Vermintide 2,552500,Indie
Middle-earth: Shadow of War,356190,Action
Middle-earth: Shadow of War,356190,Adventure
Middle-earth: Shadow of War,356190,RPG
Saints Row: The Third,55230,Action
Dying Light 2 Stay Human,534380,Action
Dying Light 2 Stay Human,534380,Adventure
Dying Light 2 Stay Human,534380,RPG
Gene Shift Auto,308600,Action
Gene Shift Auto,308600,Free to Play
Gene Shift Auto,308600,Indie
Gene Shift Auto,308600,Massively Multiplayer
Gene Shift Auto,308600,Racing
Gene Shift Auto,308600,Early Access
Cuphead,268910,Action
Cuphead,268910,Indie
Total War: THREE KINGDOMS,779340,Action
Total War: THREE KINGDOMS,779340,Strategy
Just Cause 2,8190,Action
Just Cause 2,8190,Adventure
DOOM Eternal,782330,Action
Magicka,42910,Action
Magicka,42910,RPG
Survarium,355840,Action
Survarium,355840,Free to Play
Survarium,355840,Massively Multiplayer
Survarium,355840,RPG
Survarium,355840,Early Access
ARK: Survival Of The Fittest,407530,Action
ARK: Survival Of The Fittest,407530,Adventure
ARK: Survival Of The Fittest,407530,Indie
ARK: Survival Of The Fittest,407530,Massively Multiplayer
ARK: Survival Of The Fittest,407530,RPG
ARK: Survival Of The Fittest,407530,Strategy
Alien Swarm,630,Action
SCUM,513710,Action
SCUM,513710,Adventure
SCUM,513710,Indie
SCUM,513710,Massively Multiplayer
SCUM,513710,Early Access
Battlerite,504370,Action
Battlerite,504370,Free to Play
Amnesia: The Dark Descent,57300,Action
Amnesia: The Dark Descent,57300,Adventure
Amnesia: The Dark Descent,57300,Indie
The Cycle,868270,Action
The Cycle,868270,Free to Play
The Cycle,868270,Massively Multiplayer
Insurgency,222880,Action
Insurgency,222880,Indie
Insurgency,222880,Strategy
Realm of the Mad God Exalt,200210,Action
Realm of the Mad God Exalt,200210,Free to Play
Realm of the Mad God Exalt,200210,Indie
Realm of the Mad God Exalt,200210,Massively Multiplayer
Realm of the Mad God Exalt,200210,RPG
"Warhammer 40,000: Space Marine - Anniversary Edition",55150,Action
God of War,1593500,Action
God of War,1593500,Adventure
God of War,1593500,RPG
Arma 2: Operation Arrowhead,33930,Action
Arma 2: Operation Arrowhead,33930,Simulation
Arma 2: Operation Arrowhead,33930,Strategy
PAYDAY The Heist,24240,Action
Rise of the Tomb Raider,391220,Action
Rise of the Tomb Raider,391220,Adventure
Wolfenstein: Youngblood,1056960,Action
Killing Floor 2,232090,Action
People Playground,1118200,Action
People Playground,1118200,Casual
People Playground,1118200,Indie
People Playground,1118200,Simulation
Sniper Elite V2,63380,Action
Far Cry 3,220240,Action
Far Cry 3,220240,Adventure
Call of Duty: Modern Warfare 3,115300,Action
LIMBO,48000,Action
LIMBO,48000,Adventure
LIMBO,48000,Indie
The Lord of the Rings Online,212500,Action
The Lord of the Rings Online,212500,Adventure
The Lord of the Rings Online,212500,Free to Play
The Lord of the Rings Online,212500,Massively Multiplayer
The Lord of the Rings Online,212500,RPG
BLOCKADE 3D,302830,Action
BLOCKADE 3D,302830,Free to Play
BLOCKADE 3D,302830,Early Access
Dead Frontier 2,744900,Action
Dead Frontier 2,744900,Free to Play
Dead Frontier 2,744900,Indie
Dead Frontier 2,744900,Massively Multiplayer
Dead Frontier 2,744900,RPG
BioShock,7670,Action
BioShock,7670,RPG
Call of Duty: Black Ops II,202970,Action
Space Engineers,244850,Action
Space Engineers,244850,Indie
Space Engineers,244850,Simulation
Space Engineers,244850,Strategy
Crossout,386180,Action
Crossout,386180,Free to Play
Crossout,386180,Massively Multiplayer
Crossout,386180,Racing
Last Man Standing,506540,Action
Last Man Standing,506540,Adventure
Last Man Standing,506540,Free to Play
Last Man Standing,506540,Indie
Last Man Standing,506540,Massively Multiplayer
Last Man Standing,506540,Strategy
EVE Online,8500,Action
EVE Online,8500,Free to Play
EVE Online,8500,Massively Multiplayer
EVE Online,8500,RPG
EVE Online,8500,Strategy
Dead Cells,588650,Action
Dead Cells,588650,Adventure
Dead Cells,588650,Indie
Torchlight II,200710,Action
Torchlight II,200710,Adventure
Torchlight II,200710,Indie
Torchlight II,200710,RPG
Ultimate Custom Night,871720,Action
Ultimate Custom Night,871720,Free to Play
Ultimate Custom Night,871720,Indie
Titanfall 2,1237970,Action
Stick Fight: The Game,674940,Action
Stick Fight: The Game,674940,Casual
Stick Fight: The Game,674940,Indie
CRSED: F.O.A.D.,884660,Action
CRSED: F.O.A.D.,884660,Free to Play
CRSED: F.O.A.D.,884660,Massively Multiplayer
Red Orchestra 2: Heroes of Stalingrad with Rising Storm,35450,Action
Red Orchestra 2: Heroes of Stalingrad with Rising Storm,35450,Massively Multiplayer
Red Orchestra 2: Heroes of Stalingrad with Rising Storm,35450,Simulation
MONSTER HUNTER RISE,1446780,Action
Dishonored,205100,Action
Dishonored,205100,Adventure
The Expendabros,312990,Action
The Expendabros,312990,Adventure
The Expendabros,312990,Free to Play
The Expendabros,312990,Indie
Borderlands: The Pre-Sequel,261640,Action
Borderlands: The Pre-Sequel,261640,RPG
Enter the Gungeon,311690,Action
Enter the Gungeon,311690,Adventure
Enter the Gungeon,311690,Indie
Saints Row 2,9480,Action
Mad Max,234140,Action
Mad Max,234140,Adventure
Deep Rock Galactic,548430,Action
Getting Over It with Bennett Foddy,240720,Action
The Witcher: Enhanced Edition Director's Cut,20900,Action
The Witcher: Enhanced Edition Director's Cut,20900,RPG
Guns of Icarus Online,209080,Action
Guns of Icarus Online,209080,Adventure
Guns of Icarus Online,209080,Indie
Guns of Icarus Online,209080,Simulation
POSTAL 2,223470,Action
POSTAL 2,223470,Adventure
POSTAL 2,223470,Indie
Borderlands 3,397540,Action
Borderlands 3,397540,RPG
Forza Horizon 5,1551360,Action
Forza Horizon 5,1551360,Adventure
Forza Horizon 5,1551360,Racing
Forza Horizon 5,1551360,Simulation
Forza Horizon 5,1551360,Sports
Ori and the Will of the Wisps,1057090,Action
Arma 2,33900,Action
Arma 2,33900,Simulation
Arma 2,33900,Strategy
Conan Exiles,440900,Action
Conan Exiles,440900,Adventure
Conan Exiles,440900,Massively Multiplayer
Conan Exiles,440900,RPG
Conan Exiles,440900,Simulation
Conan Exiles,440900,Strategy
Battlefield 1,1238840,Action
Battlefield 1,1238840,Massively Multiplayer
Half-Life 2: Episode One,380,Action
Spiral Knights,99900,Action
Spiral Knights,99900,Adventure
Spiral Knights,99900,Casual
Spiral Knights,99900,Free to Play
Spiral Knights,99900,Indie
Spiral Knights,99900,Massively Multiplayer
Spiral Knights,99900,RPG
Half-Life: Alyx,546560,Action
Half-Life: Alyx,546560,Adventure
Grand Theft Auto IV: The Complete Edition,12210,Action
Grand Theft Auto IV: The Complete Edition,12210,Adventure
Block N Load,299360,Action
Block N Load,299360,Free to Play
Block N Load,299360,Massively Multiplayer
Block N Load,299360,Strategy
Call of Duty: World at War,10090,Action
Defiance,224600,Action
Defiance,224600,Free to Play
Defiance,224600,Massively Multiplayer
Defiance,224600,RPG
Half-Life: Source,280,Action
Trine 2: Complete Story,35720,Action
Trine 2: Complete Story,35720,Adventure
Trine 2: Complete Story,35720,Indie
V Rising,1604030,Action
V Rising,1604030,Adventure
V Rising,1604030,Massively Multiplayer
V Rising,1604030,Early Access
Company of Heroes - Legacy Edition,4560,Action
Company of Heroes - Legacy Edition,4560,Strategy
Last Epoch,899770,Action
Last Epoch,899770,Adventure
Last Epoch,899770,Indie
Last Epoch,899770,RPG
Last Epoch,899770,Early Access
HITMAN,236870,Action
TEKKEN 7,389730,Action
TEKKEN 7,389730,Sports
Codename CURE,355180,Action
Codename CURE,355180,Free to Play
Batman: Arkham Knight,208650,Action
Batman: Arkham Knight,208650,Adventure
Resident Evil 7 Biohazard,418370,Action
Resident Evil 7 Biohazard,418370,Adventure
Resident Evil Village,1196590,Action
Shadow Warrior,233130,Action
Shadow Warrior,233130,Adventure
Mirror's Edge,17410,Action
Mirror's Edge,17410,Adventure
Just Cause 3,225540,Action
Just Cause 3,225540,Adventure
Sniper Elite 4,312660,Action
Sniper Elite 4,312660,Adventure
Titan Quest Anniversary Edition,475150,Action
Titan Quest Anniversary Edition,475150,RPG
Hitman: Absolution,203140,Action
Elite Dangerous,359320,Action
Elite Dangerous,359320,Adventure
Elite Dangerous,359320,Massively Multiplayer
Elite Dangerous,359320,RPG
Elite Dangerous,359320,Simulation
Elite Dangerous,359320,Strategy
Stories: The Path of Destinies,439190,Action
Stories: The Path of Destinies,439190,Adventure
Stories: The Path of Destinies,439190,Indie
Stories: The Path of Destinies,439190,RPG
Hotline Miami,219150,Action
Hotline Miami,219150,Indie
Overcooked! 2,728880,Action
Overcooked! 2,728880,Casual
Overcooked! 2,728880,Indie
Crypt of the NecroDancer,247080,Action
Crypt of the NecroDancer,247080,Indie
Crypt of the NecroDancer,247080,RPG
BioShock Remastered,409710,Action
BioShock Remastered,409710,RPG
Blacklight: Retribution,209870,Action
Blacklight: Retribution,209870,Free to Play
Grand Theft Auto III,12100,Action
The Binding of Isaac,113200,Action
The Binding of Isaac,113200,Adventure
The Binding of Isaac,113200,Indie
The Binding of Isaac,113200,RPG
Grounded,962130,Action
Grounded,962130,Adventure
Quake Live,282440,Action
Pummel Party,880940,Action
Pummel Party,880940,Casual
Pummel Party,880940,Indie
South Park: The Stick of Truth,213670,Action
South Park: The Stick of Truth,213670,Adventure
South Park: The Stick of Truth,213670,RPG
Century: Age of Ashes,918570,Action
Century: Age of Ashes,918570,Free to Play
Century: Age of Ashes,918570,Indie
Mortal Kombat X,307780,Action
GunZ 2: The Second Duel,242720,Action
GunZ 2: The Second Duel,242720,Free to Play
GunZ 2: The Second Duel,242720,Indie
Remnant: From the Ashes,617290,Action
Remnant: From the Ashes,617290,Adventure
Remnant: From the Ashes,617290,RPG
DC Universe Online,24200,Action
DC Universe Online,24200,Adventure
DC Universe Online,24200,Free to Play
DC Universe Online,24200,Massively Multiplayer
DC Universe Online,24200,RPG
DRAGON BALL FighterZ,678950,Action
Broforce,274190,Action
Broforce,274190,Adventure
Broforce,274190,Casual
Broforce,274190,Indie
S.K.I.L.L. - Special Force 2 (Shooter),286940,Action
S.K.I.L.L. - Special Force 2 (Shooter),286940,Adventure
S.K.I.L.L. - Special Force 2 (Shooter),286940,Free to Play
S.K.I.L.L. - Special Force 2 (Shooter),286940,Sports
S.K.I.L.L. - Special Force 2 (Shooter),286940,Strategy
Stay Out,1180380,Action
Stay Out,1180380,Free to Play
Stay Out,1180380,Indie
Stay Out,1180380,Massively Multiplayer
Stay Out,1180380,RPG
Stay Out,1180380,Early Access
BioShock 2,8850,Action
Assassin's Creed 2,33230,Action
Assassin's Creed 2,33230,Adventure
Metro 2033 Redux,286690,Action
World of Guns: Gun Disassembly,262410,Action
World of Guns: Gun Disassembly,262410,Casual
World of Guns: Gun Disassembly,262410,Free to Play
World of Guns: Gun Disassembly,262410,Indie
World of Guns: Gun Disassembly,262410,Simulation
World of Guns: Gun Disassembly,262410,Strategy
Enclave,253980,Action
Enclave,253980,RPG
Ultimate Chicken Horse,386940,Action
Ultimate Chicken Horse,386940,Casual
Ultimate Chicken Horse,386940,Indie
Dungeon Defenders,65800,Action
Dungeon Defenders,65800,Indie
Dungeon Defenders,65800,RPG
Dungeon Defenders,65800,Strategy
Stumble Guys,1677740,Action
Stumble Guys,1677740,Casual
Stumble Guys,1677740,Indie
WARMODE,391460,Action
WARMODE,391460,Free to Play
Poppy Playtime,1721470,Action
Poppy Playtime,1721470,Adventure
Poppy Playtime,1721470,Indie
Kingdom Come: Deliverance,379430,Action
Kingdom Come: Deliverance,379430,Adventure
Kingdom Come: Deliverance,379430,RPG
Ori and the Blind Forest: Definitive Edition,387290,Action
Friday the 13th: The Game,438740,Action
Bastion,107100,Action
Bastion,107100,Indie
Bastion,107100,RPG
Metin2,550900,Action
Metin2,550900,Adventure
Metin2,550900,Free to Play
Metin2,550900,Massively Multiplayer
Metin2,550900,RPG
Assassin's Creed Origins,582160,Action
Assassin's Creed Origins,582160,Adventure
Assassin's Creed Origins,582160,RPG
DARK SOULS II: Scholar of the First Sin,335300,Action
DARK SOULS II: Scholar of the First Sin,335300,RPG
Argo,530700,Action
Argo,530700,Free to Play
Metro: Last Light Redux,287390,Action
Total War: WARHAMMER III,1142710,Action
Total War: WARHAMMER III,1142710,Strategy
SpeedRunners,207140,Action
SpeedRunners,207140,Casual
SpeedRunners,207140,Indie
SpeedRunners,207140,Racing
SpeedRunners,207140,Sports
America's Army: Proving Grounds,203290,Action
America's Army: Proving Grounds,203290,Free to Play
Black Mesa,362890,Action
Black Mesa,362890,Adventure
Black Mesa,362890,Indie
Need for Speed Heat,1222680,Action
Need for Speed Heat,1222680,Adventure
Need for Speed Heat,1222680,Racing
Need for Speed Heat,1222680,Sports
Homefront,55100,Action
嗜血印 Bloody Spell,992300,Action
嗜血印 Bloody Spell,992300,Adventure
嗜血印 Bloody Spell,992300,Indie
嗜血印 Bloody Spell,992300,RPG
Mafia II (Classic),50130,Action
Alien: Isolation,214490,Action
DARK SOULS: Prepare To Die Edition,211420,Action
DARK SOULS: Prepare To Die Edition,211420,RPG
Toribash,248570,Action
Toribash,248570,Free to Play
Toribash,248570,Indie
Toribash,248570,Strategy
Orcs Must Die! 2,201790,Action
Orcs Must Die! 2,201790,Adventure
Orcs Must Die! 2,201790,Indie
Orcs Must Die! 2,201790,RPG
Orcs Must Die! 2,201790,Strategy
Battlefield: Bad Company 2,24960,Action
Dishonored 2,403640,Action
Tom Clancy's Ghost Recon Wildlands,460930,Action
Tom Clancy's Ghost Recon Wildlands,460930,Adventure
STAR WARS Jedi: Fallen Order,1172380,Action
STAR WARS Jedi: Fallen Order,1172380,Adventure
Call of Duty: Black Ops,42700,Action
Far Cry 4,298110,Action
Far Cry 4,298110,Adventure
INSIDE,304430,Action
INSIDE,304430,Adventure
INSIDE,304430,Indie
Batman: Arkham Origins,209000,Action
Batman: Arkham Origins,209000,Adventure
Just Survive,295110,Action
Just Survive,295110,Adventure
Just Survive,295110,Massively Multiplayer
Phantasy Star Online 2,1056640,Action
Phantasy Star Online 2,1056640,Free to Play
Phantasy Star Online 2,1056640,Massively Multiplayer
Phantasy Star Online 2,1056640,RPG
METAL GEAR RISING: REVENGEANCE,235460,Action
Grand Theft Auto: Episodes from Liberty City,12220,Action
Spec Ops: The Line,50300,Action
Spec Ops: The Line,50300,Adventure
METAL GEAR SOLID V: THE PHANTOM PAIN,287700,Action
METAL GEAR SOLID V: THE PHANTOM PAIN,287700,Adventure
Lost Castle / 失落城堡,434650,Action
Lost Castle / 失落城堡,434650,Adventure
Lost Castle / 失落城堡,434650,Indie
Lost Castle / 失落城堡,434650,RPG
Wolcen: Lords of Mayhem,424370,Action
Wolcen: Lords of Mayhem,424370,Adventure
Wolcen: Lords of Mayhem,424370,Indie
Wolcen: Lords of Mayhem,424370,RPG
Heart of a Warrior,1619450,Action
Heart of a Warrior,1619450,Adventure
Heart of a Warrior,1619450,Indie
Heart of a Warrior,1619450,RPG
Hotline Miami 2: Wrong Number,274170,Action
Hotline Miami 2: Wrong Number,274170,Indie
Psychonauts,3830,Action
Grand Theft Auto: Vice City,12110,Action
Sanctum 2,210770,Action
Sanctum 2,210770,Indie
Sanctum 2,210770,Strategy
Wolfenstein: The New Order,201810,Action
Trine Enchanted Edition,35700,Action
Trine Enchanted Edition,35700,Adventure
Trine Enchanted Edition,35700,Indie
Gotham City Impostors Free to Play,206210,Action
Gotham City Impostors Free to Play,206210,Free to Play
Who's Your Daddy?!,427730,Action
Who's Your Daddy?!,427730,Casual
Who's Your Daddy?!,427730,Indie
Broken Edge,1947070,Action
Batman: Arkham City - Game of the Year Edition,200260,Action
Batman: Arkham City - Game of the Year Edition,200260,Adventure
Insurgency: Sandstorm,581320,Action
Sniper Elite 3,238090,Action
Sniper Elite 3,238090,Adventure
Alien Swarm: Reactive Drop,563560,Action
Alien Swarm: Reactive Drop,563560,Free to Play
Star Conflict,212070,Action
Star Conflict,212070,Free to Play
Star Conflict,212070,Massively Multiplayer
Star Conflict,212070,Simulation
Metro Exodus,412020,Action
Darksiders,50620,Action
Darksiders,50620,Adventure
Watch_Dogs 2,447040,Action
Watch_Dogs 2,447040,Adventure
Pacify,967050,Action
Pacify,967050,Adventure
Pacify,967050,Casual
Pacify,967050,Indie
Pacify,967050,Strategy
Serious Sam 3: BFE,41070,Action
Serious Sam 3: BFE,41070,Indie
Awesomenauts - the 2D moba,204300,Action
Awesomenauts - the 2D moba,204300,Free to Play
Awesomenauts - the 2D moba,204300,Indie
Awesomenauts - the 2D moba,204300,Strategy
Sins of a Solar Empire: Rebellion,204880,Action
Sins of a Solar Empire: Rebellion,204880,Indie
Sins of a Solar Empire: Rebellion,204880,Simulation
Sins of a Solar Empire: Rebellion,204880,Strategy
Assassin's Creed Unity,289650,Action
Assassin's Creed Unity,289650,Adventure
Tales of Arise,740130,Action
Tales of Arise,740130,RPG
The Crew 2,646910,Action
The Crew 2,646910,Massively Multiplayer
The Crew 2,646910,Racing
Resident Evil 6,221040,Action
Resident Evil 6,221040,Adventure
Bless Unleashed,1254120,Action
Bless Unleashed,1254120,Free to Play
Bless Unleashed,1254120,Massively Multiplayer
Bless Unleashed,1254120,RPG
Dead Bits,303390,Action
Dead Bits,303390,Casual
Dead Bits,303390,Indie
Street Fighter V,310950,Action
Capcom Arcade Stadium,1515950,Action
Capcom Arcade Stadium,1515950,Free to Play
SPORE,17390,Action
SPORE,17390,Adventure
SPORE,17390,Casual
SPORE,17390,RPG
SPORE,17390,Simulation
SPORE,17390,Strategy
Just Cause 2: Multiplayer Mod,259080,Action
Just Cause 2: Multiplayer Mod,259080,Adventure
Gunfire Reborn,1217060,Action
Gunfire Reborn,1217060,Adventure
Gunfire Reborn,1217060,Indie
Gunfire Reborn,1217060,RPG
Darksiders II Deathinitive Edition,388410,Action
Darksiders II Deathinitive Edition,388410,Adventure
Darksiders II Deathinitive Edition,388410,RPG
Marvel’s Spider-Man Remastered,1817070,Action
Marvel’s Spider-Man Remastered,1817070,Adventure
Marvel’s Spider-Man Remastered,1817070,Casual
The Bureau: XCOM Declassified,65930,Action
Skullgirls 2nd Encore,245170,Action
Skullgirls 2nd Encore,245170,Indie
CODE VEIN,678960,Action
CODE VEIN,678960,RPG
SoulWorker - Anime Action MMO,630100,Action
SoulWorker - Anime Action MMO,630100,Free to Play
SoulWorker - Anime Action MMO,630100,Massively Multiplayer
SoulWorker - Anime Action MMO,630100,RPG
Muse Dash,774171,Action
Muse Dash,774171,Casual
Muse Dash,774171,Indie
Ironsight,783770,Action
Ironsight,783770,Free to Play
Assassin's Creed Odyssey,812140,Action
Assassin's Creed Odyssey,812140,Adventure
Assassin's Creed Odyssey,812140,RPG
resident evil 4 (2005),254700,Action
resident evil 4 (2005),254700,Adventure
Jotun: Valhalla Edition,323580,Action
Jotun: Valhalla Edition,323580,Adventure
Jotun: Valhalla Edition,323580,Indie
Kenshi,233860,Action
Kenshi,233860,Indie
Kenshi,233860,RPG
Kenshi,233860,Simulation
Kenshi,233860,Strategy
Batman: Arkham Asylum Game of the Year Edition,35140,Action
Batman: Arkham Asylum Game of the Year Edition,35140,Adventure
封灵档案,1520470,Action
封灵档案,1520470,Adventure
封灵档案,1520470,Free to Play
封灵档案,1520470,Massively Multiplayer
封灵档案,1520470,RPG
封灵档案,1520470,Strategy
The Isle,376210,Action
The Isle,376210,Adventure
The Isle,376210,Indie
The Isle,376210,Massively Multiplayer
The Isle,376210,Simulation
The Isle,376210,Early Access
Line of Sight,436520,Action
Line of Sight,436520,Free to Play
Line of Sight,436520,Indie
Line of Sight,436520,Massively Multiplayer
Crucible Beta,1057240,Action
Crucible Beta,1057240,Free to Play
Bully: Scholarship Edition,12200,Action
Bully: Scholarship Edition,12200,Adventure
Call of Duty 4: Modern Warfare (2007),7940,Action
Double Action: Boogaloo,317360,Action
Double Action: Boogaloo,317360,Free to Play
Double Action: Boogaloo,317360,Indie
Pavlov VR,555160,Action
Pavlov VR,555160,Indie
Pavlov VR,555160,Early Access
Deus Ex: Mankind Divided,337000,Action
Deus Ex: Mankind Divided,337000,RPG
Days Gone,1259420,Action
Days Gone,1259420,Adventure
Orcs Must Die! 3,1522820,Action
Orcs Must Die! 3,1522820,Adventure
Orcs Must Die! 3,1522820,Indie
Orcs Must Die! 3,1522820,Strategy
Gang Beasts,285900,Action
Gang Beasts,285900,Adventure
Gang Beasts,285900,Casual
Gang Beasts,285900,Indie
Gang Beasts,285900,Simulation
Ori and the Blind Forest,261570,Action
Mortal Kombat 11,976310,Action
Call of Juarez: Gunslinger,204450,Action
Far Cry 5,552520,Action
Far Cry 5,552520,Adventure
Dead Space 2,47780,Action
Dead Space 2,47780,Adventure
Deus Ex: Human Revolution - Director's Cut,238010,Action
Deus Ex: Human Revolution - Director's Cut,238010,RPG
Hell Let Loose,686810,Action
Hell Let Loose,686810,Indie
Hell Let Loose,686810,Massively Multiplayer
Hell Let Loose,686810,Simulation
Hell Let Loose,686810,Strategy
Ready or Not,1144200,Action
Ready or Not,1144200,Adventure
Ready or Not,1144200,Indie
Ready or Not,1144200,Early Access
Hero Siege,269210,Action
Hero Siege,269210,Adventure
Hero Siege,269210,Indie
Hero Siege,269210,Massively Multiplayer
Hero Siege,269210,RPG
World of Warships,552990,Action
World of Warships,552990,Free to Play
World of Warships,552990,Massively Multiplayer
World of Warships,552990,Simulation
Max Payne 3,204100,Action
Teardown,1167630,Action
Teardown,1167630,Indie
Teardown,1167630,Simulation
Teardown,1167630,Strategy
Alice: Madness Returns,19680,Action
Alice: Madness Returns,19680,Adventure
ORION: Prelude,104900,Action
ORION: Prelude,104900,Adventure
ORION: Prelude,104900,Indie
ORION: Prelude,104900,RPG
Iron Snout,424280,Action
Iron Snout,424280,Free to Play
Iron Snout,424280,Indie
Totally Accurate Battlegrounds,823130,Action
Totally Accurate Battlegrounds,823130,Free to Play
Totally Accurate Battlegrounds,823130,Indie
Men of War: Assault Squad 2,244450,Action
Men of War: Assault Squad 2,244450,Simulation
Men of War: Assault Squad 2,244450,Strategy
Chivalry 2,1824220,Action
Dragon's Dogma: Dark Arisen,367500,Action
Dragon's Dogma: Dark Arisen,367500,Adventure
Dragon's Dogma: Dark Arisen,367500,RPG
Dead Space (2008),17470,Action
Dead Space (2008),17470,Adventure
Sleeping Dogs: Definitive Edition,307690,Action
Sleeping Dogs: Definitive Edition,307690,Adventure
Sleeping Dogs: Definitive Edition,307690,Racing
HELLDIVERS Dive Harder Edition,394510,Action
Knight Online,389430,Action
Knight Online,389430,Adventure
Knight Online,389430,Free to Play
Knight Online,389430,Massively Multiplayer
Knight Online,389430,RPG
SOMA,282140,Action
SOMA,282140,Adventure
SOMA,282140,Indie
Slime Rancher,433340,Action
Slime Rancher,433340,Adventure
Slime Rancher,433340,Indie
Slime Rancher,433340,Simulation
NieR:Automata,524220,Action
NieR:Automata,524220,RPG
Neon Abyss,788100,Action
Neon Abyss,788100,Adventure
Neon Abyss,788100,Indie
Neon Abyss,788100,RPG
The Darkness II,67370,Action
Depth,274940,Action
Depth,274940,Indie
Mafia,40990,Action
Mafia,40990,Adventure
Planet Coaster,493340,Action
Planet Coaster,493340,Adventure
Planet Coaster,493340,Casual
Planet Coaster,493340,Simulation
Planet Coaster,493340,Strategy
Quake,2310,Action
Monaco: What's Yours Is Mine,113020,Action
Monaco: What's Yours Is Mine,113020,Adventure
Monaco: What's Yours Is Mine,113020,Casual
Monaco: What's Yours Is Mine,113020,Indie
Monaco: What's Yours Is Mine,113020,Strategy
Blade and Sorcery,629730,Action
Blade and Sorcery,629730,Adventure
Blade and Sorcery,629730,Indie
Blade and Sorcery,629730,RPG
Blade and Sorcery,629730,Simulation
Blade and Sorcery,629730,Early Access
Noita,881100,Action
Noita,881100,Adventure
Noita,881100,Indie
Noita,881100,RPG
Noita,881100,Simulation
Detroit: Become Human,1222140,Action
Detroit: Become Human,1222140,Adventure
BRAIN / OUT,578310,Action
BRAIN / OUT,578310,Free to Play
BRAIN / OUT,578310,Indie
BRAIN / OUT,578310,Massively Multiplayer
Spellbreak,1399780,Action
Spellbreak,1399780,Adventure
Spellbreak,1399780,Free to Play
Spellbreak,1399780,RPG
Duck Game,312530,Action
Duck Game,312530,Indie
Romero's Aftermath,349700,Violent
Romero's Aftermath,349700,Action
Romero's Aftermath,349700,Free to Play
Romero's Aftermath,349700,Indie
Romero's Aftermath,349700,Massively Multiplayer
Prey,480490,Action
Prey,480490,Adventure
Radical Heights,809960,Action
Radical Heights,809960,Adventure
Radical Heights,809960,Free to Play
Radical Heights,809960,Indie
Radical Heights,809960,Massively Multiplayer
Radical Heights,809960,Early Access
AirMech Strike,206500,Action
AirMech Strike,206500,Free to Play
AirMech Strike,206500,Indie
AirMech Strike,206500,Strategy
Hellblade: Senua's Sacrifice,414340,Action
Hellblade: Senua's Sacrifice,414340,Adventure
Hellblade: Senua's Sacrifice,414340,Indie
Resident Evil 5,21690,Action
Resident Evil 5,21690,Adventure
"STAR WARS Battlefront (Classic, 2004)",1058020,Action
AX:EL - Air XenoDawn,319830,Action
AX:EL - Air XenoDawn,319830,Indie
AX:EL - Air XenoDawn,319830,Simulation
S.T.A.L.K.E.R.: Call of Pripyat,41700,Action
S.T.A.L.K.E.R.: Call of Pripyat,41700,RPG
MechWarrior Online Solaris 7,342200,Action
MechWarrior Online Solaris 7,342200,Free to Play
MechWarrior Online Solaris 7,342200,Massively Multiplayer
MechWarrior Online Solaris 7,342200,Simulation
MechWarrior Online Solaris 7,342200,Strategy
Nioh: Complete Edition,485510,Action
Nioh: Complete Edition,485510,RPG
Rising Storm 2: Vietnam,418460,Action
Rising Storm 2: Vietnam,418460,Massively Multiplayer
Rising Storm 2: Vietnam,418460,Simulation
Rising Storm 2: Vietnam,418460,Strategy
Creative Destruction,893520,Action
Creative Destruction,893520,Adventure
Creative Destruction,893520,Casual
Creative Destruction,893520,Massively Multiplayer
Far Cry New Dawn,939960,Action
Far Cry New Dawn,939960,Adventure
Gear Up,214420,Action
Gear Up,214420,Free to Play
Gear Up,214420,Indie
Moonlighter,606150,Action
Moonlighter,606150,Adventure
Moonlighter,606150,Indie
War Trigger 3,298240,Action
War Trigger 3,298240,Casual
War Trigger 3,298240,Free to Play
War Trigger 3,298240,Indie
War Trigger 3,298240,Simulation
Company of Heroes: Opposing Fronts,9340,Action
Company of Heroes: Opposing Fronts,9340,Strategy
Sleeping Dogs,202170,Action
Sleeping Dogs,202170,Adventure
Digimon Masters Online,537180,
Outlast 2,414700,Action
Outlast 2,414700,Adventure
Outlast 2,414700,Indie
Quake Champions,611500,Action
Quake Champions,611500,Free to Play
Shadow of the Tomb Raider: Definitive Edition,750920,Action
Shadow of the Tomb Raider: Definitive Edition,750920,Adventure
Life is Strange: Before the Storm,554620,Action
Life is Strange: Before the Storm,554620,Adventure
DUSK,519860,Action
DUSK,519860,Indie
Gigantic,327690,Action
Gigantic,327690,Free to Play
Gigantic,327690,Strategy
Resident Evil Revelations 2,287290,Action
Resident Evil Revelations 2,287290,Adventure
War Robots,767560,Action
War Robots,767560,Free to Play
ULTRAKILL,1229490,Action
ULTRAKILL,1229490,Indie
ULTRAKILL,1229490,Early Access
Ace of Spades: Battle Builder,224540,Action
Ace of Spades: Battle Builder,224540,Indie
NARUTO SHIPPUDEN: Ultimate Ninja STORM 4,349040,Action
NARUTO SHIPPUDEN: Ultimate Ninja STORM 4,349040,Adventure
Vindictus,212160,Action
Vindictus,212160,Adventure
Vindictus,212160,Free to Play
Vindictus,212160,Massively Multiplayer
Vindictus,212160,RPG
Celeste,504230,Action
Celeste,504230,Adventure
Celeste,504230,Indie
Katana ZERO,460950,Action
Katana ZERO,460950,Indie
Orcs Must Die!,102600,Action
Orcs Must Die!,102600,Indie
Orcs Must Die!,102600,Strategy
Total War: WARHAMMER,364360,Action
Total War: WARHAMMER,364360,Strategy
DRAGON BALL XENOVERSE 2,454650,Action
DRAGON BALL XENOVERSE 2,454650,Adventure
DRAGON BALL XENOVERSE 2,454650,Casual
DRAGON BALL XENOVERSE 2,454650,Massively Multiplayer
The Evil Within,268050,Action
Resident Evil 3,952060,Action
Squad,393380,Action
Squad,393380,Indie
Squad,393380,Massively Multiplayer
Squad,393380,Strategy
Darksiders III,606280,Action
Darksiders III,606280,Adventure
Darksiders III,606280,RPG
Borderlands Game of the Year Enhanced,729040,Action
Borderlands Game of the Year Enhanced,729040,RPG
Mark of the Ninja,214560,Action
Mark of the Ninja,214560,Adventure
Mark of the Ninja,214560,Indie
Creativerse,280790,Action
Creativerse,280790,Adventure
Creativerse,280790,Casual
Creativerse,280790,Indie
Creativerse,280790,Massively Multiplayer
Creativerse,280790,RPG
Creativerse,280790,Simulation
Tribes of Midgard,858820,Action
Tribes of Midgard,858820,Adventure
Tribes of Midgard,858820,Indie
Tribes of Midgard,858820,RPG
BLOCKPOST,706990,Action
BLOCKPOST,706990,Free to Play
BLOCKPOST,706990,Indie
Wolfenstein II: The New Colossus,612880,Action
NARUTO TO BORUTO: SHINOBI STRIKER,633230,Action
HITMAN 3,1659040,Action
HITMAN 3,1659040,Adventure
Tribes: Ascend,17080,Action
Tribes: Ascend,17080,Free to Play
Krunker,1408720,Action
Krunker,1408720,Casual
Krunker,1408720,Free to Play
"Warhammer 40,000: Inquisitor - Martyr",527430,Action
"Warhammer 40,000: Inquisitor - Martyr",527430,Adventure
"Warhammer 40,000: Inquisitor - Martyr",527430,Indie
"Warhammer 40,000: Inquisitor - Martyr",527430,RPG
Hitman: Blood Money,6860,Action
Thief,239160,Action
Thief,239160,Adventure
BATTLETECH,637090,Action
BATTLETECH,637090,Adventure
BATTLETECH,637090,Strategy
Capcom Arcade 2nd Stadium,1755910,Action
Capcom Arcade 2nd Stadium,1755910,Free to Play
Natural Selection 2,4920,Action
Natural Selection 2,4920,Indie
Natural Selection 2,4920,Strategy
Day of Infamy,447820,Action
Day of Infamy,447820,Indie
Day of Infamy,447820,Strategy
Risk of Rain,248820,Action
Risk of Rain,248820,Indie
Risk of Rain,248820,RPG
ArcheBlade,207230,Action
ArcheBlade,207230,Free to Play
ArcheBlade,207230,Indie
Brothers - A Tale of Two Sons,225080,Action
Brothers - A Tale of Two Sons,225080,Adventure
Brothers - A Tale of Two Sons,225080,Indie
OUTRIDERS,680420,Action
OUTRIDERS,680420,Adventure
OUTRIDERS,680420,RPG
WAKFU,215080,Action
WAKFU,215080,Adventure
WAKFU,215080,Casual
WAKFU,215080,Free to Play
WAKFU,215080,Indie
WAKFU,215080,Massively Multiplayer
WAKFU,215080,RPG
WAKFU,215080,Strategy
STAR WARS Republic Commando,6000,Action
Murderous Pursuits,638070,Action
Murderous Pursuits,638070,Indie
Murderous Pursuits,638070,Simulation
Murderous Pursuits,638070,Strategy
A Way Out,1222700,Action
A Way Out,1222700,Adventure
A Way Out,1222700,Indie
Verdun,242860,Action
Verdun,242860,Indie
Verdun,242860,Massively Multiplayer
Verdun,242860,Simulation
Verdun,242860,Strategy
Yakuza 0,638970,Action
Yakuza 0,638970,Adventure
Yakuza 0,638970,RPG
Ryse: Son of Rome,302510,Action
Serious Sam 2,204340,Action
Serious Sam 2,204340,Indie
Kingdoms of Amalur: Reckoning,102500,Action
Kingdoms of Amalur: Reckoning,102500,RPG
Company of Heroes,228200,Action
Company of Heroes,228200,Strategy
Cult of the Lamb,1313140,Action
Cult of the Lamb,1313140,Adventure
Cult of the Lamb,1313140,Indie
Cult of the Lamb,1313140,Strategy
Crysis Warhead,17330,Action
Orcs Must Die! Unchained,427270,Action
Orcs Must Die! Unchained,427270,Free to Play
Orcs Must Die! Unchained,427270,Strategy
Need for Speed Payback,1262580,Action
Need for Speed Payback,1262580,Adventure
Need for Speed Payback,1262580,Racing
Need for Speed Payback,1262580,Sports
Need for Speed Payback,1262580,Strategy
Elsword,237310,
STAR WARS Battlefront II,1237950,Action
STAR WARS Battlefront II,1237950,Adventure
Surgeon Simulator,233720,Action
Surgeon Simulator,233720,Indie
Surgeon Simulator,233720,Simulation
Mass Effect (2007),17460,Action
Mass Effect (2007),17460,RPG
Assassin's Creed Syndicate,368500,Action
Assassin's Creed Syndicate,368500,Adventure
DARK SOULS: REMASTERED,570940,Action
Red Dead Online,1404210,Action
Red Dead Online,1404210,Adventure
Medal of Honor,47790,Action
Evolvation,510840,Action
Evolvation,510840,Casual
Evolvation,510840,Indie
Evolvation,510840,Simulation
MapleStory,216150,Action
MapleStory,216150,Adventure
MapleStory,216150,Casual
MapleStory,216150,Free to Play
MapleStory,216150,Massively Multiplayer
MapleStory,216150,RPG
Transistor,237930,Action
Transistor,237930,Indie
Transistor,237930,RPG
The Red Solstice,265590,Action
The Red Solstice,265590,RPG
The Red Solstice,265590,Strategy
ACE COMBAT 7: SKIES UNKNOWN,502500,Action
ACE COMBAT 7: SKIES UNKNOWN,502500,Simulation
Ravenfield,636480,Action
Ravenfield,636480,Indie
Ravenfield,636480,Early Access
Soulworker,1377580,Action
Soulworker,1377580,Free to Play
Soulworker,1377580,Massively Multiplayer
Soulworker,1377580,RPG
S.T.A.L.K.E.R.: Shadow of Chernobyl,4500,Action
S.T.A.L.K.E.R.: Shadow of Chernobyl,4500,RPG
"Warhammer 40,000: Dawn of War III",285190,Action
"Warhammer 40,000: Dawn of War III",285190,Simulation
"Warhammer 40,000: Dawn of War III",285190,Strategy
BrainBread 2,346330,Action
BrainBread 2,346330,Adventure
BrainBread 2,346330,Free to Play
BrainBread 2,346330,Indie
Resident Evil,304240,Action
Resident Evil,304240,Adventure
Children of Morta,330020,Action
Children of Morta,330020,Adventure
Children of Morta,330020,Indie
Children of Morta,330020,RPG
Superliminal,1049410,Action
Superliminal,1049410,Adventure
Just Cause,6880,Action
BioShock 2 Remastered,409720,Action
BioShock 2 Remastered,409720,RPG
Skul: The Hero Slayer,1147560,Action
Skul: The Hero Slayer,1147560,Indie
Call of Duty: Ghosts,209170,Action
Lord of the Rings: War in the North,32800,Action
Lord of the Rings: War in the North,32800,RPG
